<?xml version="1.0" encoding="UTF-8"?>
<project-private xmlns="http://www.netbeans.org/ns/project-private/1">
    <editor-bookmarks xmlns="http://www.netbeans.org/ns/editor-bookmarks/2" lastBookmarkId="0"/>
    <open-files xmlns="http://www.netbeans.org/ns/projectui-open-files/2">
        <group>
            <file>file:/C:/Users/miran/Documents/NetBeansProjects/Compilador/src/codigo/Instr.java</file>
            <file>file:/C:/Users/miran/Documents/NetBeansProjects/Compilador/src/codigo/Main.java</file>
            <file>file:/C:/Users/miran/Documents/NetBeansProjects/Compilador/src/codigo/FrmPrincipal.java</file>
            <file>file:/C:/Users/miran/Documents/NetBeansProjects/Compilador/src/codigo/Lexer.flex</file>
            <file>file:/C:/Users/miran/Documents/NetBeansProjects/Compilador/src/codigo/Util.java</file>
        </group>
    </open-files>
</project-private>
